{
  "post": {
    "title": "პლაზმოლიფტინგი",
    "image": "../images/content/articles-7.jpg",
    "price": "900$",
    "text": "პროცედურა გულისხმობს საკუთარი სისხლისაგან მიღებული..."
  },
  "modal": {
    "title": "პლაზმოლიფტინგი",
    "image": "../images/content/articles-7.jpg",
    "price": "900$",
    "text": [
      "პროცედურა გულისხმობს საკუთარი სისხლისაგან მიღებული, თრომბოციტებით მდიდარი პლაზმის შეყვანას კანქვეშ, ანუ  სასურველი ეფექტის მიღწევა ( კანის გაახალგაზრდავება და გალამაზება) ხდება საკუთარი  ფერმენტების ხარჯზე.",
      "პროცედურა გულისხმობს საკუთარი სისხლისაგან მიღებული, თრომბოციტებით მდიდარი პლაზმის შეყვანას კანქვეშ, ანუ  სასურველი ეფექტის მიღწევა ( კანის გაახალგაზრდავება და გალამაზება) ხდება საკუთარი  ფერმენტების ხარჯზე.",
      "პროცედურა გულისხმობს საკუთარი სისხლისაგან მიღებული, თრომბოციტებით მდიდარი პლაზმის შეყვანას კანქვეშ, ანუ  სასურველი ეფექტის მიღწევა ( კანის გაახალგაზრდავება და გალამაზება) ხდება საკუთარი  ფერმენტების ხარჯზე.",
      "პროცედურა გულისხმობს საკუთარი სისხლისაგან მიღებული, თრომბოციტებით მდიდარი პლაზმის შეყვანას კანქვეშ, ანუ  სასურველი ეფექტის მიღწევა ( კანის გაახალგაზრდავება და გალამაზება) ხდება საკუთარი  ფერმენტების ხარჯზე."
    ]
  }
}
