[
 {
  "id": "1",
  "post": "\n  <a href=\"#service-modal-4\" data-modal-loader=\"4\" class=\"service__item\" data-effect=\"mfp-zoom-in\" >\n\n              <img src=\"../images/service/item-4.jpg\" alt=\"\">\n\n              <div class=\"service__item-inner\">\n                <h4 class=\"service__item-title\">\n                  ფოტონოთერაპია\n                </h4>\n                <p class=\"service__item-text\">\n                  ფოტონოთერაპია კანის აღმდგენი, ერთ-ერთი ყველაზე ეფექტური...\n                </p>\n                <h6 class=\"service__item-price\">\n                  \n                </h6>\n              </div>\n            </a>\n            \n  ",
  "modal": "\n  <div id=\"service-modal-4\" class=\"service-popup mfp-with-anim mfp-hide\">\n\n      <img src=\"../images/service/item-4.jpg\" alt=\"\">\n\n      <button title=\"close\" type=\"button\" class=\"mfp-close\">&#215;</button>\n      <div class=\"service-popup__inner\">\n        <div class=\"service-popup__head\">\n          <h5 class=\"service-popup__title\">\n            ფოტონოთერაპია\n          </h5>\n          <div class=\"service-popup__price\">\n            \n          </div>\n        </div>\n        <p class=\"service-popup__text\">\n          ფოტონოთერაპია  კანის აღმდგენი, ერთ-ერთი ყველაზე ეფექტური მეთოდია.\n        </p>\n        <p class=\"service-popup__text\">\n          იგი არაპოერაციული, აბსოუტურად უმტკივნეულო პროცედურაა, არ გამოყოფს სითბურ ენერიას და აბსოლუტურად არ აზიანებს კანს. ფოტონები, რომლებიც გამოიტყორცნებიან პროცედურის ჩატარებისას, ურთიერთქმედებენ კანის უჯრედებთან, იწვევენ მათ რეგენერაციას და ზოგადად, კანის სტრუქტურის გაუმჯობესებას და გაახალგაზრდავებას.\n        </p>\n\n        <p class=\"service-popup__text\">\n          ფოტონოთერაპია ერთ-ერთი ყველაზე უსაფრთხო და ეფექტური მეთოდია ნებისმიერი ტიპის კანისთვის როგორც სამკურნალო, ისე პროფილაქტიკური მიზნებისთვის. გამოიყენება როგორც მონოთერაპიის, ისე  სხვა პროცედურებთან კომპლექსშიც ( სახის წმენდის დროს, ფრაქციული ლაზერით მკურნალობის დროს, აკნეს მკურნალობის დროს და ა.შ.).\n        </p>\n\n        <p class=\"service-popup__text\">\n          მეთოდს აქვს 7 ტიპის რეჟიმი, რომლებიც კანზე ახდენენ განსხვავებული ტიპის ზემოქმედებას და მდგომარეობიდან გამომდინარე, შეირჩევიან ექიმის მიერ. ესენია:\n        </p>\n\n        <p class=\"service-popup__text\">\n          1. წითელი ნათება- სხივის სიგრძე 600-680 ნმ .\n          <br>\n          დანიშნულება: აძლიერებს სისხლძარღვოვან ტონუსს, ამცირებს შეშუპებით პროცესებს. მცირდება ნაოჭების სიღრმე და მათი რაოდენობა, ადგილი აქვს ფიბრობლასტების აქტივაციის პროცესს, რაც აძლიერებს კანში კოლაგენის სინთეზს, ამცირებს ფორებს.\n        </p>\n\n        <p class=\"service-popup__text\">\n          2. ლურჯი ნათება - სხივის სიგრძე 415-490 ნმ.\n          <br>\n          დანიშნულება: აუმჯობესებს სახის კუნთოვან ტონუსს. ახასიათებს ანტიბაქტერიული მოქმედება, შესაბამისად აქვს ანთების საწინააღმდეგო, აკნეს საწინააღმდეგო მოქმედება. აქვს კანის აღმდგენი ეფექტი, ამცირებს კანის სიწითლეს და გაღიზიანებას, აძლიერებს იმუნიტეტს. გამოიყენება კომპლექსურ თერაპიაში ნაწიბურების მკურნალობისას.\n        </p>\n\n        <p class=\"service-popup__text\">\n          3. იასამნისფერი ნათება -სხივის სიგრძე 380-430 ნმ.\n          <br>\n          დანიშნულება: ასტიმულირებს ფიბრობლასტებს და აძლიერებს კოლაგენის სინთეზს, რაც განაპირობებს კანის სტრუქტურის გაახალგაზრდავებას, გაუმჯობესებას და ნაოჭების შემცირებას. ხელს უშლის პიგმენტაციების, მათ შორის, ჭორფლის განვითარებას (დაკავშირებულს ორსულობასთან და ასაკთან). ხელს უწყობს ნაწიბურების შეხორცებას, ასევე სიწითლის შემცირებას.\n        </p>\n\n        <p class=\"service-popup__text\">\n          4. თეთრი ნათებადანიშნულება:\n          <br>\n          სახეზე ასაკობრივი ლაქების მკურნალობა, ასევე კანის ასაკობრივი ცვლილებების პროფილაქტიკა.\n        </p>\n\n        <p class=\"service-popup__text\">\n          5. მწვანე ნათება-სხივის სიგრძე 520 ნმ.\n          <br>\n          დანიშნულება: კანის მდგომარეობის გაუმჯობესება, მისი დატენიანება, ლიმფური შეშუპების პროფილაქტიკა. მწეველთა, ასევე  მშრალი კანისათვის დამატენიანებელი ეფექტით. ხელს უწყობს კანიდან შლაკების გამოდევნის პროცესს.\n        </p>\n\n        <p class=\"service-popup__text\">\n          6. ყვითელი ნათება -სხივის სიგრძე 590 ნმ.\n          <br>\n          დანიშნულება: ამაღლებს იმუნიტეტს, გამოიყენება გაუხეშებული კანის, ნაოჭების არსებობისას. ასევე სიწითლის, გაღიზიანების მკურნალობისას.\n        </p>\n\n        <p class=\"service-popup__text\">\n          7. ცისფერი ნათება-სხივის სიგრძე 405 ნმ.\n          <br>\n          დანიშნულება: მეტაბოლიზმის (ანუ ნივთიერებათა ცვლის) და  კანის ტონუსის ამაღლება, კანის სტრუქტურის გაუმჯობესება.\n        </p>\n        <p class=\"service-popup__text\">\n          პროცესი უმტკივნეულოა, არ საჭიროებს რეაბილიტაციის პერიოდს და პროცედურის დასრულებისთანავე ვუბრუდებით ჩვეულ რეჟიმს.\n        </p>\n\n        <p class=\"service-popup__text\">\n          უკუჩვენებები ( დაავადებები ან მდგომარეობა, როცა არ არის რეკომენდებული პროცედურის ჩატარება):\n        </p>\n\n        <p class=\"service-popup__text\">\n          სიმსივნური დაავადებები, ჰიპერტონია, სისხლის დაავადებები, ორგანიზმის  მწვავე ანთებითი დაავადებები, ან ქრონიკული დაავადებები გამწვავების დროს, მათ შორის მაღალი ტემპერატურით და ცხელებით მიმდინარე, ალერგიული კერები კანზე, 16 წლამდე ასაკი, ფსიქიკური დაავადებები, ეპილეფსია, შაქრიანი დიაბეტი, კარდიოსტიმულატორი, ფარისებრი ჯირკვლის დაავადებები, კატარაქტა და გლაუკომა, ტრანქვილიზატორების, ნარკოტიკების და ძლიერი ანტიბიოტიკების მიღება, ორსულობა\n        </p>\n        <div class=\"service-popup__footer\">\n          <a href=\"#\" class=\"service-popup__link\">\n            ზარის განხორციელება\n          </a>\n          <div class=\"service-popup__mail\">\n            <span>\n              E-mail:\n            </span>\n            <a href=\"mailto:info@medicalgroup.ge\">\n              info@medicalgroup.ge\n            </a>\n          </div>\n        </div>\n      </div>\n    </div>\n  "
},
{
  "id": "2",
  "post": "\n  <a href=\"#service-modal-5\" data-modal-loader=\"5\" class=\"service__item\" data-effect=\"mfp-zoom-in\" >\n\n              <div style=\"background-color: #855aff;\" class=\"service__item-grad grad service-grad item-1\"></div>\n\n              <img src=\"../images/service/item-5.jpg\" alt=\"\">\n              <div class=\"service__item-inner\">\n                <h4 class=\"service__item-title\">\n                  RF-ლიფტინგი\n                </h4>\n                <p class=\"service__item-text\">\n                  RF ლიფტინგი- ეს არის ელექტრული ველის მოქმედება...\n                </p>\n                <h6 class=\"service__item-price\">\n                  \n                </h6>\n              </div>\n            </a>\n            \n  ",
  "modal": "\n  \n\n    <div id=\"service-modal-5\" class=\"service-popup mfp-with-anim mfp-hide\">\n\n      <img src=\"../images/service/item-5.jpg\" alt=\"\">\n      <button title=\"close\" type=\"button\" class=\"mfp-close\">&#215;</button>\n      <div class=\"service-popup__inner\">\n        <div class=\"service-popup__head\">\n          <h5 class=\"service-popup__title\">\n            RF-ლიფტინგი\n          </h5>\n          <div class=\"service-popup__price\">\n            \n          </div>\n        </div>\n        <p class=\"service-popup__text\">\n          RF ლიფტინგი- ეს არის ელექტრული ველის მოქმედება კანსა და კანქვეშა ქსოვილებზე რადიოტალღების სიხშირის დიაპაზონში.\n        </p>\n        <p class=\"service-popup__text\">\n          პროცედურა აბსოლუტურად უმტკივნეულო და უსაფრთხოა. პირველი შედეგი ვლინდება მომენტალურად და იგი თანდათან ძლიერდება. საბოლოო შედეგი დგება მკრუნალობის დაწყებიდან 6 თვის შემდეგ და ეფექტურობას ინარჩუნებს მინიმუმ 2 წლის განმავლობაში.\n        </p>\n\n        <p class=\"service-popup__text\">\n          პროცედურის საშუალებით ხდება კანის გაახალგაზრდავება და გადაჭიმვა (ლიფტინგი) უოპერაციოდ ხანგრძლივმომქმედი ეფექტით.\n        </p>\n\n        <p class=\"service-popup__text\">\n          კანის გაახალგაზრდავება ხდება უჯრედების ბუნებრივი სტიმულაციის გზით, რადიოტალღები მოქმედებს კანის ღრმა ფენებზეც, ახდენს კოლაგენის სინთეზის გააქტიურებას და კანის საერთო ფართობის მნიშვნელოვან შემცირებას, შემაერთებელი ქსოვილის მოდუნებული ბოჭკოების დაჭიმვას, ფიბროზული ქსოვილის ალაგებას. შედეგად, იმატებს კანის ტონუსი, იგი ხდება უფრო მკვრივი და ელასტიური( ოპერაციული გადაჭიმვის შედეგად კანი პირიქით, თხელდება).\n        </p>\n\n        <p class=\"service-popup__text\">\n          ალაგებს მცირე და საშუალო ზომის ნაოჭებს (თვალის გარშემო, ტუჩის ნაოჭები), ასწორებს „ფორთოხლის“ და მოდუნებულ კანს ( სახე, „დეკოლტეს“ მიდამო, მხრის შიდა ზედაპირი, მუცელი, ბარძაყები, დუნდულოები); ამცირებს/ალაგებს სტრიებს, აუმჯობესებს კანის ფერს და სტრუქტურას, ასწორებს გრავიტაციულ ფტოზს და  ლიპოსაქციის შემდგომ დეფექტებს;\n        </p>\n\n        <p class=\"service-popup__text\">\n          ეს მეთოდიკა მნიშვნელოვანია ცელულიტის კომპლექსურ მკურნალობაში.\n        </p>\n\n        <p class=\"service-popup__text\">\n          RF-ლიფტინგის ჩვენებებია: მოშვებული, დაბერებული, გამომშრალი კანი. სტრიები, ნაოჭები, ცელულიტი.\n        </p>\n\n        <p class=\"service-popup__text\">\n          უკუნაჩვენებია:\n        </p>\n\n        <p class=\"service-popup__text\">\n          -ელექტროსტიმულატორის და მეტალის იმპლანტის არსებობა ზემოქმედების არეში.\n        </p>\n\n        <p class=\"service-popup__text\">\n          -სიმსივნე,\n        </p>\n\n        <p class=\"service-popup__text\">\n          -მწვავე ინფექციური და ანთბითი დაავადებები,\n        </p>\n\n        <p class=\"service-popup__text\">\n          -ორსულობა, ლაქტაცია, მენსტრუალური ციკლი,\n        </p>\n\n        <p class=\"service-popup__text\">\n          -სისტემური დეგენერაციული დაავადებები,\n        </p>\n\n        <p class=\"service-popup__text\">\n          -არაა მიზანშეწონილი მისი ჩატარება როზაცეის დროს.\n        </p>\n\n        <p class=\"service-popup__text\">\n          პროცედურის ხანგრძლივობა 30-40 წუთია, პროცედურების რაოდენობა საწყისი მდგომარეობიდან გამომდინარე ინდივიდუალურია, პროცედურებს შორის ინტერვალი 7-10 დღეა.\n        </p>\n\n        <p class=\"service-popup__text\">\n          მისი ჩატარება არ საჭიროებს მოსამზადებელ ან რეაბილიტაციის პერიოდს, არის აბსოლუტურად უმტკივნეულო და არ საჭიროებს ანესთეზიას.\n        </p>\n\n        <p class=\"service-popup__text\">\n          ჩვენს კლინიკაში დანერგილია როგორც მონოპოლარული, ასევე ბი-და ტრიპოლარული თერმოლიფტინგი, რაც საშუალებას იძლევა მოვიცვათ საჭიროებისამებრ, კანის ფენები სხვადასხვა სიღრმეზე და საგრძნობლად გავზარდოთ მეთოდის ეფექტურობის ხარისხი.\n        </p>\n        <div class=\"service-popup__footer\">\n          <a href=\"#\" class=\"service-popup__link\">\n            ზარის განხორციელება\n          </a>\n          <div class=\"service-popup__mail\">\n            <span>\n              E-mail:\n            </span>\n            <a href=\"mailto:info@medicalgroup.ge\">\n              info@medicalgroup.ge\n            </a>\n          </div>\n        </div>\n      </div>\n    </div>\n    \n  "
 },
 {
  "id": "3",
  "post": "\n  <a href=\"#service-modal-6\" data-modal-loader=\"6\" class=\"service__item\" data-effect=\"mfp-zoom-in\" >\n\n              <img src=\"../images/service/item-6.jpg\" alt=\"\">\n\n              <div class=\"service__item-inner\">\n                <h4 class=\"service__item-title\">\n                  ელექტროკოაგულაცია\n                </h4>\n                <p class=\"service__item-text\">\n                  ესაა მაღალი სიხშირის ელექტრული ველით მოქმედება საჭირო უბანზე...\n                </p>\n                <h6 class=\"service__item-price\">\n                  \n                </h6>\n              </div>\n            </a>\n            \n  ",
  "modal": "\n  \n\n    <div id=\"service-modal-6\" class=\"service-popup mfp-with-anim mfp-hide\">\n\n      <img src=\"../images/service/item-6.jpg\" alt=\"\">\n      <button title=\"close\" type=\"button\" class=\"mfp-close\">&#215;</button>\n      <div class=\"service-popup__inner\">\n        <div class=\"service-popup__head\">\n          <h5 class=\"service-popup__title\">\n            ელექტროკოაგულაცია\n          </h5>\n          <div class=\"service-popup__price\">\n            \n          </div>\n        </div>\n        <p class=\"service-popup__text\">\n          ესაა მაღალი სიხშირის ელექტრული ველით მოქმედება საჭირო უბანზე. ზედაპირულად იწვევს უჯრედების კოაგულაციას (ნეკროზს).\n        </p>\n        <p class=\"service-popup__text\">\n          მიზანშეწონილია მისი გამოყენება პაპილომების, ხალების, მეჭეჭების, ლაქების, პოლიპების, კონტაგიოზური მოლუსკის დროს. აგრეთვე სისხძარღვოვანი კაპილარული ვარსკვლავების ასალაგებლად.\n        </p>\n\n        <p class=\"service-popup__text\">\n          პროცედურის ჩატარება შესაძლებელია სახესა და მთელს სხეულზე.\n        </p>\n\n        <p class=\"service-popup__text\">\n          არ საჭიროებს გაუტკივარებას, აღდგენით პერიოდს,  ცხოვრების წესის შეცვლას და წინასწარ მომზადებას.\n        </p>\n\n        <p class=\"service-popup__text\">\n          პროცედურის ხანგრძლივობა და რაოდენობა დამოკიდებულია კანზე არსებული ელემენტების რაოდენობაზე.\n        </p>\n        <div class=\"service-popup__footer\">\n          <a href=\"#\" class=\"service-popup__link\">\n            ზარის განხორციელება\n          </a>\n          <div class=\"service-popup__mail\">\n            <span>\n              E-mail:\n            </span>\n            <a href=\"mailto:info@medicalgroup.ge\">\n              info@medicalgroup.ge\n            </a>\n          </div>\n        </div>\n      </div>\n    </div>\n  "
 },
 {
  "id": "4",
  "post": "\n  <a href=\"#service-modal-7\" data-modal-loader=\"7\" class=\"service__item\" data-effect=\"mfp-zoom-in\" >\n\n              <img src=\"../images/service/item-7.jpg\" alt=\"\">\n\n              <div class=\"service__item-inner\">\n                <h4 class=\"service__item-title\">\n                  სახის კანის აპარატული, ღრმა წმენდა\n                </h4>\n                <p class=\"service__item-text\">\n                  მოიცავს შემდეგ ეტაპებს: ...\n                </p>\n                <h6 class=\"service__item-price\">\n                  \n                </h6>\n              </div>\n            </a>\n            \n  ",
  "modal": "\n  \n\n    <div id=\"service-modal-7\" class=\"service-popup mfp-with-anim mfp-hide\">\n\n      <img src=\"../images/service/item-7.jpg\" alt=\"\">\n      <button title=\"close\" type=\"button\" class=\"mfp-close\">&#215;</button>\n      <div class=\"service-popup__inner\">\n        <div class=\"service-popup__head\">\n          <h5 class=\"service-popup__title\">\n            სახის კანის აპარატული, ღრმა წმენდა\n          </h5>\n          <div class=\"service-popup__price\">\n            \n          </div>\n        </div>\n        <p class=\"service-popup__text\">\n          მოიცავს შემდეგ ეტაპებს:\n        </p>\n        <p class=\"service-popup__text\">\n          1. დემაკიაჟი - კანის ზედაპირიდან მკვდარი უჯრედების მოშორება,\n        </p>\n\n        <p class=\"service-popup__text\">\n          2. ზედაპირული პილინგი ან მიკროდერმაბრაზია ( კანის მდგომარეობიდან გამომდინარე),\n        </p>\n\n        <p class=\"service-popup__text\">\n          3. კანის დამარბილებელი ლოსიონი,\n        </p>\n\n        <p class=\"service-popup__text\">\n          4. სახის წმენდა ულტრაბგერითი სკრაბერით ან მექანიკურად (კანის მდგომარეობიდან გამომდინარე),\n        </p>\n\n        <p class=\"service-popup__text\">\n          5. დარსონვალი,\n        </p>\n\n        <p class=\"service-popup__text\">\n          6. დამაშვიდებელი ნიღაბი,\n        </p>\n\n        <p class=\"service-popup__text\">\n          7. ჰიალურონის მჟავას შეყვანა კანში აპარატული მეთოდით (ასაკის და კანის მდგომარეობის მიხედვით),\n        </p>\n\n        <p class=\"service-popup__text\">\n          8. საცხი კანის ტიპის მიხედვით.\n        </p>\n        <div class=\"service-popup__footer\">\n          <a href=\"#\" class=\"service-popup__link\">\n            ზარის განხორციელება\n          </a>\n          <div class=\"service-popup__mail\">\n            <span>\n              E-mail:\n            </span>\n            <a href=\"mailto:info@medicalgroup.ge\">\n              info@medicalgroup.ge\n            </a>\n          </div>\n        </div>\n      </div>\n    </div>\n    \n  "
 },
 {
  "id": "5",
  "post": "\n  <a href=\"#service-modal-8\" data-modal-loader=\"8\" class=\"service__item\" data-effect=\"mfp-zoom-in\" >\n\n              <img src=\"../images/service/item-8.jpg\" alt=\"\">\n\n              <div class=\"service__item-inner\">\n                <h4 class=\"service__item-title\">\n                  აპარატურული მიკდროდერმაბრაზია\n                </h4>\n                <p class=\"service__item-text\">\n                  მეთოდის საშუალებით შესაძლებელია კანის ზედაპირიდან...\n                </p>\n                <h6 class=\"service__item-price\">\n                  \n                </h6>\n              </div>\n            </a>\n            \n  ",
  "modal": "\n  \n\n    <div id=\"service-modal-8\" class=\"service-popup mfp-with-anim mfp-hide\">\n\n      <img src=\"../images/service/item-8.jpg\" alt=\"\">\n      <button title=\"close\" type=\"button\" class=\"mfp-close\">&#215;</button>\n      <div class=\"service-popup__inner\">\n        <div class=\"service-popup__head\">\n          <h5 class=\"service-popup__title\">\n            აპარატურული მიკდროდერმაბრაზია\n          </h5>\n          <div class=\"service-popup__price\">\n            \n          </div>\n        </div>\n        <p class=\"service-popup__text\">\n          მეთოდის საშუალებით შესაძლებელია  კანის ზედაპირიდან მისი გარქოვანებული, დანეკროზებული ზედაპირული შრეები მოშორება და გასუფთავებული ზედაპირის \"გაპრიალება\" სპეციალური აპარატის დახმარებით. პროცედურა ტარდება ალმასის მტვერით დაფარული მეტალის თავებისა და ვაკუუმის გამოყენებით. აპარატი საშუალებას იძლევა საჭიროების მიხედვით ვარეგულიროთ მიკროდერმაბრაზიის მოქმედების სიღმე.\n        </p>\n        <p class=\"service-popup__text\">\n          მკვდარი უჯრედების მოშორების გარდა, პროცედურა ხელს უწყობს  ელასტიური ბოჭკოების გამომუშავების გააქტიურებასა და მიკროცირკულაციის გაუმჯობესებას კანსა და კანქვეშა ქსოვილში.\n        </p>\n\n        <p class=\"service-popup__text\">\n          პროცედურა მიზანშეწონილია მოდუნებული, დაღლილი, უსიამოვნო ფერის, ზედმეტად ცხიმიანი და ფორებიანი კანის სამკურნალოდ, ასევე ნაწიბურების, სტრიების, პიგმენტური ლაქების არსებობისას, პოსტაკნეს შემთხვევაში,  ჩაკირული ფორების გასახსნელად.\n        </p>\n\n        <p class=\"service-popup__text\">\n          დაუშვებელია ამ მეთოდის გამოყენება ქრონიკული დერმატოზების და ჰერპესის გამწვავებისას, მწვავე ანთებითი დაავადებების დროს, კელოიდოზისკენ მიდრეკილებისას.\n        </p>\n\n        <p class=\"service-popup__text\">\n          მიკროდერმაბრაზია საშუალებას იძლევა ვაქციოთ კანი აბრეშუმივით ნაზი და გლუვი, ჯანმრთელი ფერის, პიგმენტაციების გარეშე, მივანიჭოთ მას ჩვეული ელასტიურობა და ახალგაზრდული იერი.\n        </p>\n\n        <p class=\"service-popup__text\">\n          პროცედურის ჩატარება შესაძლებელია  სახის, კისრის, გულმკერდის არეში, ხელის მტევნებსა და სხეულის სხვა მიდამოებში. პროცედურა სახეზე გრძელდება 20-25 წუთს და ვლინდება მომენტალური ეფექტი.\n        </p>\n\n        <p class=\"service-popup__text\">\n          პროცედურა არ საჭიროებს მოსამზადებელ ან რეაბილიტაციის პერიოდს (არც რაიმე შეზღუდვას ცხოვრების წესში), სეანსის შემდგომ პაციენტს შეუძლია ჩვეული მაკიაჟის გამოყენება\n        </p>\n        <div class=\"service-popup__footer\">\n          <a href=\"#\" class=\"service-popup__link\">\n            ზარის განხორციელება\n          </a>\n          <div class=\"service-popup__mail\">\n            <span>\n              E-mail:\n            </span>\n            <a href=\"mailto:info@medicalgroup.ge\">\n              info@medicalgroup.ge\n            </a>\n          </div>\n        </div>\n      </div>\n    </div>\n  "
 },
 {
  "id": "6",
  "post": "\n  <a href=\"#service-modal-9\" data-modal-loader=\"9\" class=\"service__item\" data-effect=\"mfp-zoom-in\" >\n\n              <img src=\"../images/service/item-9.jpg\" alt=\"\">\n\n              <div class=\"service__item-inner\">\n                <h4 class=\"service__item-title\">\n                  ულტრაბგერითი სკრაბერი\n                </h4>\n                <p class=\"service__item-text\">\n                  ულტრაბგერის სიხშირე იწვევს აპარატის მეტალის ბრტყელი ზედაპირის...\n                </p>\n                <h6 class=\"service__item-price\">\n                  \n                </h6>\n              </div>\n            </a>\n            \n  ",
  "modal": "\n  \n\n    <div id=\"service-modal-9\" class=\"service-popup mfp-with-anim mfp-hide\">\n\n      <img src=\"../images/service/item-9.jpg\" alt=\"\">\n      <button title=\"close\" type=\"button\" class=\"mfp-close\">&#215;</button>\n      <div class=\"service-popup__inner\">\n        <div class=\"service-popup__head\">\n          <h5 class=\"service-popup__title\">\n            ულტრაბგერითი სკრაბერი\n          </h5>\n          <div class=\"service-popup__price\">\n            \n          </div>\n        </div>\n        <p class=\"service-popup__text\">\n          ულტრაბგერის სიხშირე იწვევს აპარატის მეტალის ბრტყელი ზედაპირის თვალით უხილავ რხევებს, რომელიც მოქმედებს კანზე ზედმეტი ზეწოლის და ტრავმის გარეშე. აპარატს აქვს შესაძლებლობა იმუშაოს მუდმივ და იმპულსურ რეჟიმში, ასევე შესაძლებელია შეიცვალოს ულტრაბგერის სიმძლავრე.\n        </p>\n        <p class=\"service-popup__text\">\n          ულტრაბგერის მოქმედებით ხდება მაღალი წნევით სითხის შესტყორცნა ფორებში და იქიდან ჭუჭყის გამოდევნა, კანიდან გარქოვანებული უჯრედების დელიკატური მოცილება, კანის ჟანგბადით გაჯერება და მისი ღრმა ფენების მიკრომასაჟი, რაც ხელს უწყობს ელასტიურობის აღდგენას. იმპულსურ რეჟიმში აპარატი საშუალებას იძლევა ჩავატაროთ ლიმფოდრენაჟი და ლიფტინგი.\n        </p>\n\n        <p class=\"service-popup__text\">\n          გარეგნულად აპარატის მოქმედება ვლინდება ორთქლის და წვრილი წვეთების ზედაპირიდან ამოფრვევით.\n        </p>\n\n        <p class=\"service-popup__text\">\n          პროცედურის შემდგომ მატულობს კანის ტონუსი, ტენიანობა, ელასტიურობა, მცირება ან სრულიად ქრება შეშუპება; ხდება კანის გაწმენდა-პილინგი და ნორმალური, ჯანსაღი ფერის აღდგენა, კუნთოვანი სპაზმის მოხსნა ( იგი მიმიკური ნაოჭების გამომწვევი მიზეზია), კანსა და კუნთებში ნივთიერებათა ცვლის გააქტიურება.\n        </p>\n\n        <p class=\"service-popup__text\">\n          ნაჩვენებია:\n        </p>\n\n        <p class=\"service-popup__text\">\n          -სებორეის,\n        </p>\n\n        <p class=\"service-popup__text\">\n          -ცხიმიანი, ან პირიქით გამომშრალი, გარქოვანებული უხეში კანის (აპარატის რეჟიმის მიხედვით),\n        </p>\n\n        <p class=\"service-popup__text\">\n          -კამედონების,\n        </p>\n\n        <p class=\"service-popup__text\">\n          -აკნეს არსებობისას,\n        </p>\n\n        <p class=\"service-popup__text\">\n          -პიგმენტური ლაქების,\n        </p>\n\n        <p class=\"service-popup__text\">\n          -ლიმფოსტაზის დროს,\n        </p>\n\n        <p class=\"service-popup__text\">\n          -აგრეთვე ასაკობრივად მოდუნებული კანის შემთხვევაში.\n        </p>\n\n        <p class=\"service-popup__text\">\n          უკუნაჩვენებია: კანის ანთებით-ვირუსული დაავადებების, სახის ნერვის დამბლის, სამწვერა ან თვალის ნერვის პათოლოგიის დროს, მრავლობითი ტელეანგიექტაზიების არსებობისას მოქმედების არეში, ”ოქროს ძაფების” არსებობისას, მოკლე პერიოდში ჩატარებული ქიმიური პილინგის შემდეგ.\n        </p>\n\n        <p class=\"service-popup__text\">\n          მისი ჩატარება შესაძლებელია სახის, ყელის, დეკოლტეს და ზურგის მიდამოში.\n        </p>\n\n        <p class=\"service-popup__text\">\n          პროცედურა აბსოლუტურად უმტკივნეულოა არ საჭიროებს წინასწარ მოსამზადებელ ან რეაბილიტაციის პერიოდს, გაუტკივარებას. პროცედურის შემდეგ პაციენტი უბრუნდება ცხოვრების ჩვეულ რიტმს.\n        </p>\n\n        <p class=\"service-popup__text\">\n          პროცედურის ხანგრძლივობა 20-30 წუთია.\n        </p>\n        <div class=\"service-popup__footer\">\n          <a href=\"#\" class=\"service-popup__link\">\n            ზარის განხორციელება\n          </a>\n          <div class=\"service-popup__mail\">\n            <span>\n              E-mail:\n            </span>\n            <a href=\"mailto:info@medicalgroup.ge\">\n              info@medicalgroup.ge\n            </a>\n          </div>\n        </div>\n      </div>\n    </div>\n  "
 },
 {
  "id": "7",
  "post": "<h1 style=\"width: 100%; margin-buttom: 50px;\" class=\"service__title title\">\r\n\r\n            <div class=\"title-grad-1 grad\"></div>\r\n\r\n            <div class=\"title-grad-2 grad\"></div>\r\n            <div class=\"bolt blue\">\r\n              <img src=\"../images/icons/bolt.svg\" alt=\"\">\r\n            </div>\r\n            ინექციური პროცედურები\r\n          </h1>\n  <a href=\"#service-modal-1\" data-modal-loader=\"1\"  class=\"service__item\" data-effect=\"mfp-zoom-in\" >\n\n              <div style=\"background-color: #855aff;\" class=\"service__item-grad grad service-grad item-1\"></div>\n\n              <div class=\"service__item-image\">\n                <img src=\"../images/service/item-1.jpg\" alt=\"\">\n              </div>\n              <div class=\"service__item-inner\">\n                <h4 class=\"service__item-title\">\n                  პლაზმოლიფტინგი\n                </h4>\n                <p class=\"service__item-text\">\n                  პროცედურა გულისხმობს საკუთარი სისხლისაგან მიღებული...\n                </p>\n                <h6 class=\"service__item-price\">\n                  \n                </h6>\n              </div>\n            </a>\n            \n  ",
  "modal": "\n  <div id=\"service-modal-1\" class=\"service-popup mfp-with-anim mfp-hide\">\n\n      <img src=\"../images/service/item-1.jpg\" alt=\"\">\n\n      <button title=\"close\" type=\"button\" class=\"mfp-close\">&#215;</button>\n      <div class=\"service-popup__inner\">\n        <div class=\"service-popup__head\">\n          <h5 class=\"service-popup__title\">\n            პლაზმოლიფტინგი\n          </h5>\n          <div class=\"service-popup__price\">\n            \n          </div>\n        </div>\n        <p class=\"service-popup__text\">\n          პროცედურა გულისხმობს საკუთარი სისხლისაგან მიღებული, თრომბოციტებით მდიდარი პლაზმის შეყვანას კანქვეშ, ანუ  სასურველი ეფექტის მიღწევა ( კანის გაახალგაზრდავება და გალამაზება) ხდება საკუთარი  ფერმენტების ხარჯზე.\n        </p>\n        <p class=\"service-popup__text\">\n          კანქვეშ პლაზმის შეყვანის შედეგად ხდება ჰიალურონის მჟავის და კოლაგენის გამომუშავების, ტროფიკის და ნივთიერებათა ცვლის გააქტიურება, ადგილობრივად რეზისტენტობის და იმუნიტეტის ზრდა. შედეგად ვღებულობთ ელასტიურ, ჯანსაღი ფერის და ნორმალური ტენიანობის, გაახალგაზრდავებულ კანს. მცირდება ან სრულიად ქრება ნაოჭების რაოდენობა.\n        </p>\n\n        <p class=\"service-popup__text\">\n          აკნეს ( გამონაყრების) შემთხვევაში პლაზმის შეყვანა ხდება გამონაყრის ადგილებში, რის შემდეგაც გამონაყარი ლაგდება სწრაფად და უკვალოდ (არ რჩება ლაქები).\n        </p>\n\n        <p class=\"service-popup__text\">\n          ღრმა ნაოჭების შემთხვევაში პლაზმის გამოყენება შესაძლებელია ფილერის სახით ( შემავსებელი ჟელეს) ნაოჭების ამოსავსებად.\n        </p>\n\n        <p class=\"service-popup__text\">\n          თმის ცვენის შემთხვევაში პროცედურა ააქტიურებს თმის ძირების კვებას, შედეგად მცირდება თმის ცვენის ინტენსივობა და იმატებს ახალი ღერების ამოსვლის ინტენსივობა.\n        </p>\n\n        <p class=\"service-popup__text\">\n          მისი გამოყენება მიზანშეწონილია ასევე კანის უსიამოვნო ფერის, დაღლილი კანის ( განსაკუთრებით მწეველებში), მოდუნებული კანის, ნაწიბურების, ფოტოდაბერების ( ლაქები და გამომშრალი კანი), შემთხვევაში. პლაზმოლიფტინგი ეფექტურია ნაოჭებთან საბრძოლველად, რაც მთავარია აქვს ხანგრძლივმომქმედი კანის ლიფტინგის ეფექტი (1.5-2 წელი).\n        </p>\n\n        <p class=\"service-popup__text\">\n          პლაზმოლიფგინგი შესაძლებელია ჩატარდეს სახის, ყელის, გულმკერდის, ზურგის მიდამოში, თავის თმიან ნაწილში, ხელის მტევნებზე.\n        </p>\n\n        <p class=\"service-popup__text\">\n          მისი უპირატესობებია:\n        </p>\n\n        <p class=\"service-popup__text\">\n          - აბსოლუტურად უსაფრთხოა, გამორიცხულია ალერგიული რეაქციები და ინფექციური გართულებები, რადგან კანქვეშ მხოლოდ საკუთრი პალაზმის შეყვანა ხდება.\n        </p>\n\n        <p class=\"service-popup__text\">\n          - ახასიათებს მაღალი ეფექტურობა, რადგან ორგანიზმი ყველაზე აქტიურად რეაგირებს საკუთარ პლაზმაზე.\n        </p>\n\n        <p class=\"service-popup__text\">\n          - არ ახდენს კუნთების ბლოკირებას მოქმედების არეში.\n        </p>\n\n        <p class=\"service-popup__text\">\n          პროცედურა ტარდება მეზოთერაპიის მსგავსად ატრავმული მიკროინექციებით, ადგილობრივი გაუტკივარებით. არ აქვს ასაკობრივი შეზღუდვა.\n        </p>\n\n        <p class=\"service-popup__text\">\n          უკუჩვენებებია: ორსულობა და ლაქტაციის პერიოდი, მწვავე, ცხელებით მიმდინარე  დაავადებები, ჰემოფილია, ნეფროპათია.\n        </p>\n        <div class=\"service-popup__footer\">\n          <a href=\"#\" class=\"service-popup__link\">\n            ზარის განხორციელება\n          </a>\n          <div class=\"service-popup__mail\">\n            <span>\n              E-mail:\n            </span>\n            <a href=\"mailto:info@medicalgroup.ge\">\n              info@medicalgroup.ge\n            </a>\n          </div>\n        </div>\n      </div>\n    </div>\n  "
 },
 {
  "id": "8",
  "post": "\n  <a href=\"#service-modal-2\" data-modal-loader=\"2\" class=\"service__item\" data-effect=\"mfp-zoom-in\" >\n\n              <div class=\"service__item-image\">\n\n                <img src=\"../images/service/item-2.jpg\" alt=\"\">\n              </div>\n              <div class=\"service__item-inner\">\n                <h4 class=\"service__item-title\">\n                  ბიორევიტალიზაცია\n                </h4>\n                <p class=\"service__item-text\">\n                  ბიორევიტალიზაცია კანის ბუნებრივი გზით გაახალგაზრდავების...\n                </p>\n                <h6 class=\"service__item-price\">\n                  \n                </h6>\n              </div>\n            </a>\n            \n  ",
  "modal": "\n  \n\n    <div id=\"service-modal-2\" class=\"service-popup mfp-with-anim mfp-hide\">\n\n      <img src=\"../images/service/item-2.jpg\" alt=\"\">\n      <button title=\"close\" type=\"button\" class=\"mfp-close\">&#215;</button>\n      <div class=\"service-popup__inner\">\n        <div class=\"service-popup__head\">\n          <h5 class=\"service-popup__title\">\n            ბიორევიტალიზაცია\n          </h5>\n          <div class=\"service-popup__price\">\n            \n          </div>\n        </div>\n        <p class=\"service-popup__text\">\n          ბიორევიტალიზაცია კანის ბუნებრივი გზით გაახალგაზრდავების მეთოდია. იგი წარმოადგენს ინექციურ მეთოდს, რომლის დროსაც კანქვეშ ხდება ბიოლოგიურად აქტიური კომპონენტების შეყვანა. ძირითადად, ბიორევიტალიზაციისთვის გამოიყენება ჰიალურონის მჟავას (რომელსაც ბუნებრივადაც შეიცავს კანი) შემცველი პრეპარატები.\n          მისი საშუალებით შესაძლებელია კანის სტრუქტურის აღდგენა, იგი ხდება გლუვი, ელასტიური. პარალელურად, ხორციელდება ფიბრობლასტების ფუნქციონირების ბუნებრივი სტიმულირება( ძლიერდება კოლაგენისა და ელასტინის სითეზი, რაც განაპირობებს კანის ელასტიურობისა და სიმკრივის აღდგენას).\n        </p>\n        <p class=\"service-popup__text\">\n          მეთოდი აუმჯობესებს კანის ფერს, მის რელიეფს, ალაგებს ნაოჭებს, ამცირებს ჰიპერპიგმენტაციის ინტენსივობას. შესაძლებელია მისი გამოყენება ნაწიბურებისა და სტრიების ასალაგებლად.\n        </p>\n\n        <p class=\"service-popup__text\">\n          ბიორევიტალიზაცია ნაჩვენებია შემდეგი ნოზოლოგიების დროს:\n        </p>\n\n        <p class=\"service-popup__text\">\n          -მოდულებული და გამომშრალი კანი,\n          <br>\n          -კანის ელასტიურობისა და ტურგორის შემცირება,\n          <br>\n          -კანის ნაადრევი დაბერების სიმპტომები, გამოწვეული თამბაქოს, სტრესის, მზის სხივების და სხვა ფაქტორების ზემოქმედებით.\n          <br>\n          -სხვადასხვა სახის პლასტიკური ოპერაციის შემდგომი რეაბილიტაციის პერიოდი,\n          <br>\n          -პიგმენტაცია.\n        </p>\n\n        <p class=\"service-popup__text\">\n          პროცედურა უმტკივნეულოა, ახასიათებს მაღალი ეფექტურობა და სწრაფი ეფექტი, არ საჭიროებს რეაბილიტაციის პერიოდს.\n        </p>\n\n        <p class=\"service-popup__text\">\n          გთხოვთ გაითვალისწინოთ, რომ ამ მეთოდის გამოყენება უკუნაჩვენებია შემდეგი ნოზოლოგიების დროს:\n        </p>\n        <p class=\"service-popup__text\">\n          -ანთებითი პროცესების არსებობა იმ მონაკვეთზე, სადაც სასურველია პროცედურის ჩატარება,\n          - მძიმე ქრონიკული დაავადებები,\n          <br>\n          -ორსულობა და ლაქტაციის პერიოდი,\n          <br>\n          - პრეპარატის კომპონენტების მიმართ ინდივიდუალური მგრძნობელობა,\n          <br>\n          -ავტოიმუნური დაავადებები,\n          <br>\n          -ანტიკოაგულანტების მიღება,\n          <br>\n          - კელოიდური ნაწიბურების წარმოქმნის მიმართ მიდრეკილება,\n          <br>\n          -მწვავე ჰერპესული ინფექცია.\n        </p>\n        <div class=\"service-popup__footer\">\n          <a href=\"#\" class=\"service-popup__link\">\n            ზარის განხორციელება\n          </a>\n          <div class=\"service-popup__mail\">\n            <span>\n              E-mail:\n            </span>\n            <a href=\"mailto:info@medicalgroup.ge\">\n              info@medicalgroup.ge\n            </a>\n          </div>\n        </div>\n      </div>\n    </div>\n  "
 },
 {
  "id": "9",
  "post": "\n  <a href=\"#service-modal-3\" data-modal-loader=\"3\" class=\"service__item\" data-effect=\"mfp-zoom-in\" >\n\n              <div class=\"service__item-image\">\n\n                <img src=\"../images/service/item-3.jpg\" alt=\"\">\n              </div>\n              <div class=\"service__item-inner\">\n                <h4 class=\"service__item-title\">\n                  მეზოთერაპია\n                </h4>\n                <p class=\"service__item-text\">\n                  მეზოთერაპია მთელს მსოფლიოში ფართოდ გამოიყენება სამკურნალო...\n                </p>\n                <h6 class=\"service__item-price\">\n                  \n                </h6>\n              </div>\n            </a>\n            \n  ",
  "modal": "\n  \n\n    <div id=\"service-modal-3\" class=\"service-popup mfp-with-anim mfp-hide\">\n\n      <img src=\"../images/service/item-3.jpg\" alt=\"\">\n      <button title=\"close\" type=\"button\" class=\"mfp-close\">&#215;</button>\n      <div class=\"service-popup__inner\">\n        <div class=\"service-popup__head\">\n          <h5 class=\"service-popup__title\">\n            მეზოთერაპია\n          </h5>\n          <div class=\"service-popup__price\">\n            \n          </div>\n        </div>\n        <p class=\"service-popup__text\">\n          მეზოთერაპია მთელს მსოფლიოში ფართოდ გამოიყენება სამკურნალო და ესთეტიურ მედიცინაში. როგორც მეთოდის ავტორი, მიშელ პისტორი განმარტავს (მან პროცედურა 1952 წელს დანერგა), ეს არის პროცედურა რომელიც ლაკონურად შესაძლებელია დაახასიათო სამი მაჩვენებლით : იშვიათად, მცირე დოზებით და საჭირო ადგილზე... ამ შემთხვევაში, იშვიათი ნიშნავს პროცედურის  ჩატარების შესაძლებლობას საშუალებას დროის ხანგრძლივი ინტერვალებით, მცირედ - პრეპარატის შეყვანას მიკროდოზებით და რა თქმა უნდა, საჭირო ადგილას  პრეპარატის დეპოს შექმნის მიზნით, რაც ქმნის მეთოდის გახანგრძლივებულ ეფექტს.\n        </p>\n        <p class=\"service-popup__text\">\n          პრეპარატი შეყვანა ხდება კანის სხვადასხვა ფენაში ან კანქვეშ, არსებული პრობლემიდან გამომდინარე.\n        </p>\n\n        <p class=\"service-popup__text\">\n          ჩატარებული პროცედურის შედეგი და მისი შემგომი ეფექტურობა დამოკიდებულია გამოყენებული პრეპარატის ხარისხზე და რა თქმა უნდა, სპეციალისტის პროფესიონალიზმზე.\n        </p>\n\n        <p class=\"service-popup__text\">\n          ჩვენი კლინიკის  არსენალშია როგორც ტრადიციული ფარმაკოლოგიური ( ალოპათიური) მსოფლიოში ცნობილი მწარმოებლების მიერ მოწოდებული პრეპარატები ვიტამინების, ამინომჟავების, მიკროელემენტების შემცველობით,   ასევე ფიტოთერაპიული, ქიმიოთერაპიული და ცხოველური წარმოშობის პრეპარატები, მზა კოქტეილები და  ჰომეოპათიური საშუალებები.\n        </p>\n\n        <p class=\"service-popup__text\">\n          მეზოთერაპიის გამოყენება მიზანშეწონილია კუპეროზის ( კანზე გამოხატული კაპილარული ქსელი), ცხიმიანი და ფოროვანი კანის, პიგმენტური ლაქების, კანის ასაკობრივი ცვლილებების - გრავიტაციული ფტოზი, ნაოჭები, მოდუნებული და გამომშრალი კანი, ნაწიბურების, აკნეს და პოსტაკნეს, სტრიების, ზედმეტი ცხიმის და ცელულიტის, თმის ცვენის ( მიზეზის მიხედვით), პილინგის შემდგომი პერიოდის, მეორე ნიკაბის (ღაბაბის), დაღლილი თვალის სინდრომის დროს.\n        </p>\n\n        <p class=\"service-popup__text\">\n          კოქტეილის შეყვანისთანავე, შესაბამის უბანში, იწყება უჯრედების და კანის კვების, კანში მიკროცირკულაციის აღდგენა, აქტიურდება ნივთიერებათა ცვლა, უმჯობესდება ლიმფის მიმოქცევა, მცირდება შეშუპება, ქსოვილში მატულობს ჰიალურონის მჟავასა და კოლაგენის გამომუშავება, ხდება კანის მექანიკური სტიმულაცია, ასევე, ცელულიტის დროს ხდება პრეპარატის ზემოქმედებით ცხიმოვანი უჯრედების დაშლა. შედეგად ხდება კანის ფერის გაუმჯობესება, იგი ხდება გლუვი, მკვრივი და ელასტიური, სახეზეა ლაქების გაქრობა, სახის ოვალის აღდგენა, ცელულიტის ალაგება, თმის ცვენის შეჩერება, ნაწიბურების და ნაოჭების, აკნეს და როზაცეას ალაგება, სტრიების შემცირება/ალაგება.\n        </p>\n\n        <p class=\"service-popup__text\">\n          პრეპარატი შეირჩევა ინდივიდუალურად,ასევე პაციენტის სურვილის მიხედვით. პროცედურა ტარდება მიკროინექციებით; პაციენტის სურვილით შესაძლებელია ადგილობრივი ანესთეზია.\n        </p>\n\n        <p class=\"service-popup__text\">\n          პროცედურა უკუნაჩვენებია: ორსულობის, მწვავე ცხელებითი დაავადებების, ჰემოფილიის, ნეფროპათიის, პრეპარატების კომპონენტების მიმართ ინდივიდუალური მგრძნობელობის დროს.\n        </p>\n\n        <p class=\"service-popup__text\">\n          პროცედურა არ საჭიროებს წინასწარ მომზადებას, არ აქვს ასაკობრივი ცენზი.\n        </p>\n\n        <p class=\"service-popup__text\">\n          შესაძლებელია ჩატარდეს სახის, ყელის, გულმკერდის, თავის თმიან ნაწილში, ხელის მტევნებზე, სახსრების მიდამოში.\n        </p>\n\n        <p class=\"service-popup__text\">\n          პროცედურების რაოდენობა დამოკიდებულია საწყის მდგომარეობასა და სასურველ შედეგზე.\n        </p>\n        <div class=\"service-popup__footer\">\n          <a href=\"#\" class=\"service-popup__link\">\n            ზარის განხორციელება\n          </a>\n          <div class=\"service-popup__mail\">\n            <span>\n              E-mail:\n            </span>\n            <a href=\"mailto:info@medicalgroup.ge\">\n              info@medicalgroup.ge\n            </a>\n          </div>\n        </div>\n      </div>\n    </div>\n  "
 },
 {
  "id": "10",
  "post": "\n <h1 style=\"width: 100%; margin-buttom: 50px;\" class=\"service__title title\">\r\n            <div class=\"title-grad-1 grad\"></div>\r\n            <div class=\"title-grad-2 grad\"></div>\r\n            <div class=\"bolt blue\">\r\n              <img src=\"../images/icons/bolt.svg\" alt=\"\">\r\n            </div>\r\n            კონტურული პლასტიკა\r\n          </h1>  <a href=\"#service-modal-11\" data-modal-loader=\"11\" class=\"service__item\" data-effect=\"mfp-zoom-in\" >\n              <img src=\"../images/service/item-11.jpg\" alt=\"\">\n              <div class=\"service__item-inner\">\n                <h4 class=\"service__item-title\">\n                  ბოტოქსი\n                </h4>\n                <p class=\"service__item-text\">\n                  მისი გამოყენება 1980 წლიდან დაიწყო, დასწყისში ოფთალმოლოგიასა...\n                </p>\n                <h6 class=\"service__item-price\">\n                  \n                </h6>\n              </div>\n            </a>\n  ",
  "modal": "\n  <div id=\"service-modal-11\" class=\"service-popup mfp-with-anim mfp-hide\">\n      <img src=\"../images/service/item-11.jpg\" alt=\"\">\n      <button title=\"close\" type=\"button\" class=\"mfp-close\">&#215;</button>\n      <div class=\"service-popup__inner\">\n        <div class=\"service-popup__head\">\n          <h5 class=\"service-popup__title\">\n            ბოტოქსი\n          </h5>\n          <div class=\"service-popup__price\">\n            \n          </div>\n        </div>\n        <p class=\"service-popup__text\">\n          მისი გამოყენება 1980 წლიდან დაიწყო, დასწყისში ოფთალმოლოგიასა და ნევროლოგიაში გამოიყენებოდა. სწორედ ამ პერიოდში გამოვლინდა მისი უნიკალური გვერდითი ეფექტი - პაციენტებში დაფიქსირდა თვალის გარშემო, ტუჩებისა და შუბლის მიდამოში ნაოჭების ალაგება. მომდევნო წლებში ბოტოქსის ინექციები არაჩვეულებრივად პოპულარული გახდა კოსმეტოლოგიასა და ესტეთიკურ მედიცინაში და აქტუალურობას არც დღეს კარგავს.\n        </p>\n        <p class=\"service-popup__text\">\n          ინექციები გამოიყენება სახის მიდამოში შემდეგი ტიპის ნაოჭების ასალაგებლად:\n        </p>\n        <p class=\"service-popup__text\">\n          -ვერტიკალური (რომელიც ძირითადად განლაგებულია ხოლმე წარბებს შორის)\n          <br>\n          -ჰორიზონტალური( განლაგდება ხოლმე შუბლის მიდამოში)\n          <br>\n          -ვერტიკალური ნაოჭები ზემო თუჩის და ცხვირ-ტუჩის მიდამოში, ასევე, თვალის გარშემო არის ნაოჭები.\n        </p>\n\n        <p class=\"service-popup__text\">\n          ეფექტი ვლინდება ინექციიდან 24-48 საათში და პირველი ორი-ოთხი კვირის განმავლობაში თანდათან ძლიერდება. ეფექტის ხანგრძლივობაა 4-6 თვეა.\n        </p>\n        <div class=\"service-popup__footer\">\n          <a href=\"#\" class=\"service-popup__link\">\n            ზარის განხორციელება\n          </a>\n          <div class=\"service-popup__mail\">\n            <span>\n              E-mail:\n            </span>\n            <a href=\"mailto:info@medicalgroup.ge\">\n              info@medicalgroup.ge\n            </a>\n          </div>\n        </div>\n      </div>\n    </div>\n  "
 },
 {
  "id": "11",
  "post": "\n  <a href=\"#service-modal-10\" data-modal-loader=\"10\" class=\"service__item\" data-effect=\"mfp-zoom-in\" >\n\n              <img src=\"../images/service/item-10.jpg\" alt=\"\">\n\n              <div class=\"service__item-inner\">\n                <h4 class=\"service__item-title\">\n                  ფილერები\n                </h4>\n                <p class=\"service__item-text\">\n                  კონტურული პლასტიკა გულისხმობს სპეციალური შემავსებლის...\n                </p>\n                <h6 class=\"service__item-price\">\n                  \n                </h6>\n              </div>\n            </a>\n  ",
  "modal": "\n  <div id=\"service-modal-10\" class=\"service-popup mfp-with-anim mfp-hide\">\n      <img src=\"../images/service/item-10.jpg\" alt=\"\">\n      <button title=\"close\" type=\"button\" class=\"mfp-close\">&#215;</button>\n      <div class=\"service-popup__inner\">\n        <div class=\"service-popup__head\">\n          <h5 class=\"service-popup__title\">\n            ფილერები\n          </h5>\n          <div class=\"service-popup__price\">\n            \n          </div>\n        </div>\n        <p class=\"service-popup__text\">\n          კონტურული პლასტიკა გულისხმობს სპეციალური შემავსებლის, ფილერის (filler- შემავსებელი) შეყვანას კანქვეშ.\n        </p>\n        <p class=\"service-popup__text\">\n          პროცედურის განვითარების  სხვადასხვა პერიოდში ფილერებად  სხვადასხვა ნაერთებს იყენებდნენ.\n        </p>\n\n        <p class=\"service-popup__text\">\n          დღეისთვის არსებობს შემდეგი სახის ფილერები:\n        </p>\n\n        <p class=\"service-popup__text\">\n          პერმანენტული ფილერი - თხევადი სილიკონი, ან ბიოპოლიმერული გელი. დღეს ამ პრეპარატებს იყენებენ მხოლოდ ტრავმის შემდგომი დეფექტის შესავსებად;\n        </p>\n\n        <p class=\"service-popup__text\">\n          ხანგრძლივმომქმედი ფილერი - სინთეზურ-ბიოლოგიური ნაერთი, რომელიც დღეს თითქმის აღარ გამოიყენება.\n        </p>\n\n        <p class=\"service-popup__text\">\n          დროებითი მოქმედების ფილერი - ბიოდეგრადირებადი ნივთიერებების ნაერთი. მას ნაკლები გვერდითი ეფექტი აქვს, ვიდრე ზემოთჩამოტვლილებს, მაგრამ მისი მოქმედების ხანგრლივობა შეზღუდულია; ასეთ ფილერებს განეკუთვნება საკუთარი ორგანიზმიდან სპეციალური ლაბორატორიული მეთოდებით მიღებული ცხიმი, კოლაგენის გელი; დღეს მსგავსი პრეპარატებიც შეღუდულად გამოიყენება.\n        </p>\n\n        <p class=\"service-popup__text\">\n          ჰიალურონის მჟავის პრეპარატები, რომელიც ორ კლასად იყოფა, ცხოველური წარმოშობის, რომლებიც ხშირად იძლევა ალერგიულ რეაქციებს, მოქმედების ხანგრძლივობა  6 თვემდეა  და დღეს ყველაზე ეფექტური, უსაფრთხო და  პოპულარული - არაცხოველური წარმოშობის ჰიალურონის მჟავის პრეპარატები;\n        </p>\n\n        <p class=\"service-popup__text\">\n          ჰიალურონის მჟავა არის კანის ბუნებრივი კომპონენტი, რომელიც განაპირობებს კანის ტენიანობას და ელასტიურობას.\n        </p>\n\n        <p class=\"service-popup__text\">\n          არაცხოველური წარმოშობის ჰიალურონის მჟავის პრეპარატები  არ იწვევენ ალერგიულ რეაქციებს და გვერდით მოვლენებს, მათი მოქმედების ეფექტი გრძელდება ქსოვილში პრეპარატის კონცენტრაციიდან და გელის სიბლანტიდან გამომდინარე 6 თვიდან 2 წლამდე.\n        </p>\n\n        <p class=\"service-popup__text\">\n          გამოიყენება:\n        </p>\n\n        <p class=\"service-popup__text\">\n          ნაოჭების შესავსებად და ვიზუალურად მათ გასაქრობად ( მსხვილი, საშუალო და წვრილი ნაოჭები) ტუჩების, თვალის გარშემო, ცხვირ-ტუჩის, შუბლის არეში;\n        </p>\n\n        <p class=\"service-popup__text\">\n          როგორც შემავსებელი-მოცულობითი ეფექტის მისაღებად ტუჩის, ყვრიმალის, ნიკაპის მიდამოში, სახის ოვალის კორექციისთვის, ტუჩის კუთხის, თვალის კუთხის და წარბის ასაწევად; ქვედა ქუთუთოს კორექციისთვის.\n        </p>\n\n        <p class=\"service-popup__text\">\n          გარდა შემავსებლის ფუნქციისა, ჰიალურონის მჟავა იწვევს წყლის შეკავებს და კოლაგენის  გამომუშავების გააქტიურებას, შესაბამისად კანი დროთა განმავლობაში ხდება უფრო ტენიანი და ელასტიური, ხოლო პრეპარატის გაწოვის შემდეგ  ნაკლები ინტენსივობის ნაოჭი რჩება.\n        </p>\n\n        <p class=\"service-popup__text\">\n          პროცედურა ტარდება წინასწარ მომზადებულ (დამუშავებულ) კანზე,  პრეპარატის შერჩევა ხდება ინდივიდუალურად. პრეპარატი შეგვყავს  სპეციალური კანულით, ქსოვილის ნაკლები ტრამვატიზაციის მიზნით, თუმცა შესაძლებელია მისი შეყვანა მიკროინექციებითაც.\n        </p>\n\n        <p class=\"service-popup__text\">\n          პროცედურის გამოყენება შესაძლებელია ნებისმიერ ასაკში და არ საჭიროებს აღდგენით პერიოდს.\n        </p>\n\n        <p class=\"service-popup__text\">\n          ეფექტი დგება მომენტალურად და დროთა განმვლობაში  შესაძლებელია პრეპარატის დამატება ეფექტის გაძლიერების მიზნით.\n        </p>\n\n        <p class=\"service-popup__text\">\n          უკუჩვენებებია: ორსულობა, მწვავე ცხელებითი დაავადებები, ჰემოფილია, ნეფროპათია.\n        </p>\n        <div class=\"service-popup__footer\">\n          <a href=\"#\" class=\"service-popup__link\">\n            ზარის განხორციელება\n          </a>\n          <div class=\"service-popup__mail\">\n            <span>\n              E-mail:\n            </span>\n            <a href=\"mailto:info@medicalgroup.ge\">\n              info@medicalgroup.ge\n            </a>\n          </div>\n        </div>\n      </div>\n    </div>\n  "
 }
]